<?xml version="1.0" encoding="UTF-8" standalone="yes"?>
<addon id="plugin.video.ardaktuell" name="ARD Aktuell" version="1.0.3" provider-name="Heckie">
    <requires>
        <import addon="xbmc.python" version="3.0.0" />
        <import addon="script.module.requests" version="2.25.1" />
        <import addon="script.module.xmltodict" version="0.12.0+matrix.2" />
    </requires>
    <extension point="xbmc.python.pluginsource" library="addon.py">
        <provides>video</provides>
    </extension>
    <extension point="xbmc.addon.metadata">
        <summary lang="de_DE">Alle Sendungen von ARD Aktuell</summary>
        <summary lang="en_GB">German news provided by ARD Aktuell</summary>
        <description lang="de_DE">Kodi Addon für Sendungen von ARD Aktuell wie Tageschau, Tagesthemen und Nachtmagazin. Dieses Addon verwendet Inhalte von ARD-aktuell bzw. tagesschau.de.</description>
        <description lang="en_GB">Kodi Addon for news provided by ARD Aktuell, e.g. Tageschau, Tagesthemen and Nachtmagazin. This addon streams contents hosted by ARD-aktuell / tagesschau.de</description>
        <disclaimer lang="de_DE">
            Der Author des Addons ist nicht verantwortlich für die Inhalte, die auf Ihr Gerät gestreamt werden. Insbesondere liegt es in der alleinigen Verantwortung und Pflicht des Addon-Nutzers sich davon zu überzeugen, dass die Urheberrechtsvereinbarungen der zum Streaming aufgerufenden Websites und Inhalte nicht verletzt werden. Dieses Addon verwendet Inhalte von ARD-aktuell bzw. tagesschau.de.
        </disclaimer>
        <language>de_DE</language>
        <language>en_GB</language>
        <platform>all</platform>
        <license>MIT</license>
        <website>https://github.com/Heckie75/kodi-addon-ard-aktuell</website>
        <source>https://github.com/Heckie75/kodi-addon-ard-aktuell/tree/main/plugin.video.ardaktuell</source>
        <news>
v1.0.3 (2023-02-02)
- Improved thumbnail if item has been added to favourites

v1.0.2 (2022-06-03)
- new audio podcast 'Ideenimport' 
- Improved performance when loading rss feed with episodes
- some code refactoring, migration to new settings format

v1.0.1 (2021-06-02)
- Fixed broken URLs to github
- Fixed issue #2: Navigation back from episodes menu is incorrect
- Refactoring: seperate general rss code for easier maintainance in future
- Hint: restart is required in order to load moved translations

v1.0.0 (2021-05-24)
- Initial version
        </news>
        <assets>
            <icon>resources/assets/icon.png</icon>
            <fanart>resources/assets/fanart.png</fanart>
            <screenshot>resources/assets/screenshot_1.png</screenshot>
            <screenshot>resources/assets/screenshot_2.png</screenshot>
            <screenshot>resources/assets/screenshot_3.png</screenshot>
            <screenshot>resources/assets/screenshot_4.png</screenshot>
        </assets>
    </extension>
</addon>
